,Bankrupt?,Net Income to Total Assets,ROA(A) before interest and % after tax,Debt ratio %,Current Liability to Assets,Borrowing dependency,Net worth/Assets,Persistent EPS in the Last Four Seasons,Retained Earnings to Total Assets,Working Capital to Total Assets,Operating Gross Margin,Operating Profit Rate,Cash flow rate,Current Ratio,Quick Ratio,Cash/Total Assets,Total debt/Total net worth,Liability to Equity,Degree of Financial Leverage (DFL),Total expense/Assets,Cash Reinvestment %
Bankrupt?,1.0,-0.3155,-0.2829,0.2502,0.1945,0.1765,-0.2502,-0.2196,-0.2178,-0.1931,-0.1,-0.0002,-0.0724,-0.0022,0.0251,-0.1001,0.0123,0.1668,0.0105,0.139,-0.0513
Net Income to Total Assets,-0.3155,1.0,0.9616,-0.2814,-0.2141,-0.1778,0.2814,0.6912,0.7942,0.2972,0.3001,0.0285,0.2813,0.0149,-0.0178,0.1957,-0.0081,-0.1597,-0.0105,-0.4705,0.2527
ROA(A) before interest and % after tax,-0.2829,0.9616,1.0,-0.26,-0.1905,-0.1619,0.26,0.7648,0.718,0.3035,0.327,0.0321,0.2884,0.0141,-0.0184,0.2179,-0.0103,-0.141,-0.0115,-0.3571,0.2636
Debt ratio %,0.2502,-0.2814,-0.26,1.0,0.8426,0.3291,-1.0,-0.1774,-0.2354,-0.5288,-0.2455,0.0104,-0.285,-0.0159,0.0334,-0.3576,-0.054,0.3493,0.018,0.0375,-0.1343
Current Liability to Assets,0.1945,-0.2141,-0.1905,0.8426,1.0,0.2298,-0.8426,-0.0977,-0.1986,-0.3645,-0.198,0.0113,-0.2782,-0.0121,0.0482,-0.2166,-0.0451,0.2864,0.007,0.1157,-0.1383
Borrowing dependency,0.1765,-0.1778,-0.1619,0.3291,0.2298,1.0,-0.3291,-0.1441,-0.1179,-0.1926,-0.0857,0.0011,-0.0788,-0.0025,0.0168,-0.1264,-0.0081,0.9559,0.0073,0.0226,-0.1854
Net worth/Assets,-0.2502,0.2814,0.26,-1.0,-0.8426,-0.3291,1.0,0.1774,0.2354,0.5288,0.2455,-0.0104,0.285,0.0159,-0.0334,0.3576,0.054,-0.3493,-0.018,-0.0375,0.1343
Persistent EPS in the Last Four Seasons,-0.2196,0.6912,0.7648,-0.1774,-0.0977,-0.1441,0.1774,1.0,0.4921,0.2532,0.2567,0.0204,0.1977,0.0113,-0.0042,0.241,-0.0114,-0.1141,-0.0188,-0.178,0.1652
Retained Earnings to Total Assets,-0.2178,0.7942,0.718,-0.2354,-0.1986,-0.1179,0.2354,0.4921,1.0,0.2172,0.1646,0.0213,0.2233,0.0154,-0.0119,0.0965,-0.0091,-0.1098,-0.0138,-0.5416,0.2059
Working Capital to Total Assets,-0.1931,0.2972,0.3035,-0.5288,-0.3645,-0.1926,0.5288,0.2532,0.2172,1.0,0.2463,0.0256,0.1615,-0.0201,-0.0092,0.5858,0.0514,-0.1776,-0.0367,0.1087,0.0569
Operating Gross Margin,-0.1,0.3001,0.327,-0.2455,-0.198,-0.0857,0.2455,0.2567,0.1646,0.2463,1.0,0.0057,0.3412,0.0249,0.0014,0.2419,-0.0224,-0.0854,-0.0118,0.2255,0.1227
Operating Profit Rate,-0.0002,0.0285,0.0321,0.0104,0.0113,0.0011,-0.0104,0.0204,0.0213,0.0256,0.0057,1.0,0.0231,0.0008,0.0003,0.0105,-0.0015,0.0015,0.0009,0.0054,0.015
Cash flow rate,-0.0724,0.2813,0.2884,-0.285,-0.2782,-0.0788,0.285,0.1977,0.2233,0.1615,0.3412,0.0231,1.0,0.0023,-0.0128,0.228,0.3496,-0.0808,-0.0063,-0.0815,0.3447
Current Ratio,-0.0022,0.0149,0.0141,-0.0159,-0.0121,-0.0025,0.0159,0.0113,0.0154,-0.0201,0.0249,0.0008,0.0023,1.0,-0.0004,-0.0106,-0.0003,-0.0037,-0.0006,-0.0118,-0.0043
Quick Ratio,0.0251,-0.0178,-0.0184,0.0334,0.0482,0.0168,-0.0334,-0.0042,-0.0119,-0.0092,0.0014,0.0003,-0.0128,-0.0004,1.0,-0.0298,-0.0009,0.0096,-0.0001,-0.0183,-0.0224
Cash/Total Assets,-0.1001,0.1957,0.2179,-0.3576,-0.2166,-0.1264,0.3576,0.241,0.0965,0.5858,0.2419,0.0105,0.228,-0.0106,-0.0298,1.0,0.0197,-0.0978,-0.0243,0.1849,0.1677
Total debt/Total net worth,0.0123,-0.0081,-0.0103,-0.054,-0.0451,-0.0081,0.054,-0.0114,-0.0091,0.0514,-0.0224,-0.0015,0.3496,-0.0003,-0.0009,0.0197,1.0,-0.01,-0.0013,-0.0157,0.0141
Liability to Equity,0.1668,-0.1597,-0.141,0.3493,0.2864,0.9559,-0.3493,-0.1141,-0.1098,-0.1776,-0.0854,0.0015,-0.0808,-0.0037,0.0096,-0.0978,-0.01,1.0,0.0021,0.0505,-0.1337
Degree of Financial Leverage (DFL),0.0105,-0.0105,-0.0115,0.018,0.007,0.0073,-0.018,-0.0188,-0.0138,-0.0367,-0.0118,0.0009,-0.0063,-0.0006,-0.0001,-0.0243,-0.0013,0.0021,1.0,-0.0176,0.0037
Total expense/Assets,0.139,-0.4705,-0.3571,0.0375,0.1157,0.0226,-0.0375,-0.178,-0.5416,0.1087,0.2255,0.0054,-0.0815,-0.0118,-0.0183,0.1849,-0.0157,0.0505,-0.0176,1.0,-0.0607
Cash Reinvestment %,-0.0513,0.2527,0.2636,-0.1343,-0.1383,-0.1854,0.1343,0.1652,0.2059,0.0569,0.1227,0.015,0.3447,-0.0043,-0.0224,0.1677,0.0141,-0.1337,0.0037,-0.0607,1.0
