,Bankrupt?,Net Income to Total Assets,ROA(A) before interest and % after tax,ROA(B) before interest and depreciation after tax,ROA(C) before interest and depreciation before interest,Net worth/Assets,Persistent EPS in the Last Four Seasons,Retained Earnings to Total Assets,Net profit before tax/Paid-in capital,Debt ratio %,Current Liability to Assets,Borrowing dependency,Current Liability to Current Assets,Liability to Equity,Current Liabilities/Equity,Current Liability to Equity
Bankrupt?,1.0,-0.3155,-0.2829,-0.2731,-0.2608,-0.2502,-0.2196,-0.2178,-0.2079,0.2502,0.1945,0.1765,0.1713,0.1668,0.1538,0.1538
Net Income to Total Assets,-0.3155,1.0,0.9616,0.912,0.8877,0.2814,0.6912,0.7942,0.6836,-0.2814,-0.2141,-0.1778,-0.2028,-0.1597,-0.1503,-0.1503
ROA(A) before interest and % after tax,-0.2829,0.9616,1.0,0.9557,0.9401,0.26,0.7648,0.718,0.7582,-0.26,-0.1905,-0.1619,-0.1957,-0.141,-0.1338,-0.1338
ROA(B) before interest and depreciation after tax,-0.2731,0.912,0.9557,1.0,0.9868,0.2647,0.7646,0.6737,0.726,-0.2647,-0.2172,-0.1586,-0.1626,-0.1428,-0.1429,-0.1429
ROA(C) before interest and depreciation before interest,-0.2608,0.8877,0.9401,0.9868,1.0,0.2614,0.775,0.6502,0.7533,-0.2614,-0.2103,-0.1617,-0.1607,-0.1436,-0.1427,-0.1427
Net worth/Assets,-0.2502,0.2814,0.26,0.2647,0.2614,1.0,0.1774,0.2354,0.1641,-1.0,-0.8426,-0.3291,-0.4282,-0.3493,-0.3437,-0.3437
Persistent EPS in the Last Four Seasons,-0.2196,0.6912,0.7648,0.7646,0.775,0.1774,1.0,0.4921,0.9595,-0.1774,-0.0977,-0.1441,-0.1547,-0.1141,-0.095,-0.095
Retained Earnings to Total Assets,-0.2178,0.7942,0.718,0.6737,0.6502,0.2354,0.4921,1.0,0.4834,-0.2354,-0.1986,-0.1179,-0.1747,-0.1098,-0.1061,-0.1061
Net profit before tax/Paid-in capital,-0.2079,0.6836,0.7582,0.726,0.7533,0.1641,0.9595,0.4834,1.0,-0.1641,-0.086,-0.1349,-0.1537,-0.1041,-0.0838,-0.0838
Debt ratio %,0.2502,-0.2814,-0.26,-0.2647,-0.2614,-1.0,-0.1774,-0.2354,-0.1641,1.0,0.8426,0.3291,0.4282,0.3493,0.3437,0.3437
Current Liability to Assets,0.1945,-0.2141,-0.1905,-0.2172,-0.2103,-0.8426,-0.0977,-0.1986,-0.086,0.8426,1.0,0.2298,0.3518,0.2864,0.353,0.353
Borrowing dependency,0.1765,-0.1778,-0.1619,-0.1586,-0.1617,-0.3291,-0.1441,-0.1179,-0.1349,0.3291,0.2298,1.0,0.1249,0.9559,0.8928,0.8928
Current Liability to Current Assets,0.1713,-0.2028,-0.1957,-0.1626,-0.1607,-0.4282,-0.1547,-0.1747,-0.1537,0.4282,0.3518,0.1249,1.0,0.1324,0.1086,0.1086
Liability to Equity,0.1668,-0.1597,-0.141,-0.1428,-0.1436,-0.3493,-0.1141,-0.1098,-0.1041,0.3493,0.2864,0.9559,0.1324,1.0,0.9639,0.9639
Current Liabilities/Equity,0.1538,-0.1503,-0.1338,-0.1429,-0.1427,-0.3437,-0.095,-0.1061,-0.0838,0.3437,0.353,0.8928,0.1086,0.9639,1.0,1.0
Current Liability to Equity,0.1538,-0.1503,-0.1338,-0.1429,-0.1427,-0.3437,-0.095,-0.1061,-0.0838,0.3437,0.353,0.8928,0.1086,0.9639,1.0,1.0
