Bankrupt?,ROA(C) before interest and depreciation before interest,ROA(A) before interest and % after tax,ROA(B) before interest and depreciation after tax,Operating Gross Margin,Realized Sales Gross Margin,Operating Profit Rate,Pre-tax net Interest Rate,After-tax net Interest Rate,Non-industry income and expenditure/revenue,Continuous interest rate (after tax),Operating Expense Rate,Research and development expense rate,Cash flow rate,Interest-bearing debt interest rate,Tax rate (A),Net Value Per Share (B),Net Value Per Share (A),Net Value Per Share (C),Persistent EPS in the Last Four Seasons,Cash Flow Per Share,Revenue Per Share (Yuan ¥),Operating Profit Per Share (Yuan ¥),Per Share Net profit before tax (Yuan ¥),Realized Sales Gross Profit Growth Rate,Operating Profit Growth Rate,After-tax Net Profit Growth Rate,Regular Net Profit Growth Rate,Continuous Net Profit Growth Rate,Total Asset Growth Rate,Net Value Growth Rate,Total Asset Return Growth Rate Ratio,Cash Reinvestment %,Current Ratio,Quick Ratio,Interest Expense Ratio,Total debt/Total net worth,Debt ratio %,Net worth/Assets,Long-term fund suitability ratio (A),Borrowing dependency,Contingent liabilities/Net worth,Operating profit/Paid-in capital,Net profit before tax/Paid-in capital,Inventory and accounts receivable/Net value,Total Asset Turnover,Accounts Receivable Turnover,Average Collection Days,Inventory Turnover Rate (times),Fixed Assets Turnover Frequency,Net Worth Turnover Rate (times),Revenue per person,Operating profit per person,Allocation rate per person,Working Capital to Total Assets,Quick Assets/Total Assets,Current Assets/Total Assets,Cash/Total Assets,Quick Assets/Current Liability,Cash/Current Liability,Current Liability to Assets,Operating Funds to Liability,Inventory/Working Capital,Inventory/Current Liability,Current Liabilities/Liability,Working Capital/Equity,Current Liabilities/Equity,Long-term Liability to Current Assets,Retained Earnings to Total Assets,Total income/Total expense,Total expense/Assets,Current Asset Turnover Rate,Quick Asset Turnover Rate,Working capitcal Turnover Rate,Cash Turnover Rate,Cash Flow to Sales,Fixed Assets to Assets,Current Liability to Liability,Current Liability to Equity,Equity to Long-term Liability,Cash Flow to Total Assets,Cash Flow to Liability,CFO to Assets,Cash Flow to Equity,Current Liability to Current Assets,Liability-Assets Flag,Net Income to Total Assets,Total assets to GNP price,No-credit Interval,Gross Profit to Sales,Net Income to Stockholder's Equity,Liability to Equity,Degree of Financial Leverage (DFL),Interest Coverage Ratio (Interest expense to EBIT),Net Income Flag,Equity to Liability
1,0.370594257300249,0.424389446140427,0.40574977247176,0.601457213277793,0.601457213277793,0.998969203197885,0.796887145860514,0.808809360876843,0.302646433889668,0.780984850207341,0.0001256968688759,0.0,0.458143143520965,0.0007250725072507,0.0,0.147949938898487,0.147949938898487,0.147949938898487,0.16914058806845,0.311664426681757,0.0175597803893099,0.0959205276443286,0.138736160277171,0.0221022783580128,0.848194994526472,0.688979462807371,0.688979462807371,0.217535386199635,4980000000.0,0.000326977269203,0.263099983681843,0.363725271040572,0.0022589633105668,0.0012077550852353,0.629951302036958,0.0212659243655332,0.207576261450555,0.792423738549445,0.0050244547286145,0.390284354359258,0.006478502486107,0.0958848339765825,0.137757333534424,0.398035698256887,0.0869565217391304,0.0018138841264849,0.0034873642818412,0.0001820925974295,0.0001165006532358,0.0329032258064516,0.0341641819543792,0.392912869451166,0.0371353015800987,0.67277529248986,0.166672958825266,0.190642959052727,0.004094405952288,0.001996770860645,0.0001473360247605,0.147308450425486,0.334015171333379,0.276920158240506,0.001035989991658,0.676269176153092,0.721274551521743,0.339077006789355,0.02559236799775,0.903224771166726,0.0020216130120256,0.064855707690831,701000000.0,6550000000.0,0.593830503987655,458000000.0,0.6715676535815,0.424205762216667,0.676269176153092,0.339077006789355,0.126549487816618,0.637555395323871,0.458609147666847,0.52038191789012,0.312904948119326,0.11825047660899,0,0.716845343217827,0.0092194400211029,0.622878959445127,0.601453290101533,0.82789021403512,0.29020189277926,0.0266006307607414,0.564050112276341,1,0.0164687409123162
1,0.464290937454297,0.53821412996075,0.516730017666899,0.610235085544617,0.610235085544617,0.998945978205482,0.797380191277827,0.809300725667939,0.303556430290771,0.781505974330882,0.0002897850537287,0.0,0.461867257156757,0.0006470647064706,0.0,0.182251064009102,0.182251064009102,0.182251064009102,0.2089439349532,0.318136804131004,0.0211443350424248,0.0937220096083381,0.16991790314077,0.0220801698690499,0.848087883815147,0.689692901209989,0.689701701610895,0.217619596450422,6110000000.0,0.0004430401005442,0.264515778104141,0.376709139003763,0.0060162058776727,0.0040393668269104,0.635172463390912,0.0125023937843679,0.171176346101521,0.828823653898479,0.0050588817540408,0.376760019951553,0.0058350394852296,0.0937433843047209,0.168961616770983,0.397724882539793,0.0644677661169415,0.0012863563044647,0.004916807917444,9360000000.0,719000000.0,0.0254838709677419,0.0068886506176284,0.39158996856697,0.0123349721287826,0.751110917003808,0.127236002293688,0.182419054120616,0.0149477269714099,0.004136029760799,0.0013839100814699,0.0569628274180797,0.341105991992958,0.28964157642601,0.0052096823995494,0.30858859304371,0.731975288512351,0.329740147869877,0.0239468186673397,0.931065217577487,0.0022256083431017,0.0255158599950638,0.0001065197627902,7700000000.0,0.59391554785427,2490000000.0,0.671569942261066,0.468828128338473,0.30858859304371,0.329740147869877,0.120916105834965,0.64109998470196,0.459001053294128,0.567101308703163,0.314163135184666,0.0477752815903248,0,0.795297136043035,0.0083233017948103,0.623651741728055,0.610236525929872,0.839969268005573,0.283845979801729,0.264576819837375,0.570174946412453,1,0.020794306334635
1,0.426071271876371,0.499018752725687,0.472295090743616,0.601450006486113,0.601363524985947,0.998857353483229,0.796403369254357,0.808387521469543,0.302035177342951,0.780283936155909,0.0002361297205563,25500000.0,0.458520587470538,0.0007900790079007,0.0,0.177910749652353,0.177910749652353,0.193712865028865,0.180580504869056,0.30710193110278,0.0059440083488361,0.0923377575116033,0.142803344128945,0.0227600967722855,0.84809401283004,0.689462676951537,0.689469659564714,0.217601298963609,7280000000.0,0.0003964253147034,0.264183975569387,0.368913229760441,0.0115425536893801,0.0053475602224365,0.629631443404885,0.0212476860084444,0.207515796474892,0.792484203525108,0.0050998994135753,0.379092920106557,0.0065619820610314,0.0923184653215431,0.148035593092527,0.406580451031118,0.0149925037481259,0.0014953384801111,0.004226849460116,65000000.0,2650000000.0,0.0133870967741935,0.0289969595934374,0.381967843332353,0.141016311871331,0.829501914934622,0.340200878481779,0.602805701668708,0.0009909444511248,0.006302481382547,5340000000.0,0.0981620645437837,0.33673149472,0.277455528130626,0.0138787857963224,0.446027487157575,0.742728637603645,0.334776851319847,0.0037151156933692,0.90990336247412,0.0020600706495246,0.0213874282332057,0.0017910937001909,0.001022676471902,0.594501851296042,761000000.0,0.671571321761166,0.276179222234543,0.446027487157575,0.334776851319847,0.117922319423666,0.642764550242219,0.459254035544147,0.538490539586983,0.31451542627367,0.0253464891288078,0,0.774669696989803,0.0400028528527523,0.623841037589316,0.601449340486212,0.836774308550174,0.290188532942043,0.0265547199199004,0.563706076496047,1,0.0164741143272785
1,0.399844001364988,0.451264718709115,0.457733283366347,0.583541129160121,0.583541129160121,0.998699747067122,0.796966968308828,0.808965597694361,0.303349536022685,0.781240991205311,0.0001078888488144,0.0,0.465705442741753,0.0004490449044904,0.0,0.154186507100417,0.154186507100417,0.154186507100417,0.193722227474709,0.321673622409281,0.0143684680188151,0.0777623971989252,0.148602847028696,0.0220460668531945,0.8480054773865,0.689109535618137,0.689109535618137,0.217568188277463,4880000000.0,0.0003824259063219,0.263371175917508,0.384076599232517,0.004194058676884,0.0028964911470803,0.63022835303626,0.0095724017180532,0.151464764035432,0.848535235964567,0.0050469240634646,0.379742687599394,0.0053658477137564,0.0777272949338023,0.147560515798205,0.397924501254651,0.0899550224887556,0.0019660556136061,0.0032149673166337,7130000000.0,9150000000.0,0.0280645161290323,0.015463478401363,0.378496641866986,0.0213199897441037,0.725754179688242,0.161574531573533,0.225814868882578,0.0188506248270314,0.0029612376501386,0.0010106464315761,0.0987146304496934,0.348716438967482,0.276580304232685,0.0035401478961941,0.615848368585853,0.729824908743367,0.33150897867186,0.0221651997451294,0.906902158837211,0.0018313585555101,0.0241610701740241,8140000000.0,6050000000.0,0.593888792576566,2030000000.0,0.671519170200148,0.559143963323496,0.615848368585853,0.33150897867186,0.12076045528683,0.579039312335715,0.448517911623987,0.604105056187593,0.302382254833178,0.0672496172630687,0,0.739554525158061,0.0032524752911273,0.622928709143491,0.583537612244893,0.834697106753341,0.281721192981814,0.0266966344214761,0.564663420271241,1,0.0239823322073886
1,0.465022181055916,0.538432184910597,0.522297767546443,0.598783493564335,0.598783493564335,0.998973131803565,0.797366080550396,0.809303720206941,0.303474977757658,0.781550044617657,7890000000.0,0.0,0.462746282177097,0.0006860686068606,0.0,0.167502422991024,0.167502422991024,0.167502422991024,0.212536636097192,0.319162481431704,0.0296897923378254,0.0968976467714356,0.168411538751224,0.0220959097225217,0.848258202198295,0.689696883030727,0.689696883030727,0.217625639200419,5510000000.0,0.0004389475818729,0.265218235929474,0.379689653887709,0.0060224461078124,0.0037274466086162,0.636054985548143,0.0051496001240208,0.106509054630105,0.893490945369894,0.0053033191962841,0.375025442703033,0.0066235253972896,0.0969270604328497,0.167460975793681,0.400078775707608,0.175412293853073,0.001448672557394,0.004366890533138,0.000163367440506,0.0002935211263343,0.0401612903225807,0.0581114228221436,0.39437145247733,0.0239882116504549,0.751822452472965,0.260329881066954,0.358380159768393,0.0141609737513009,0.0042747708703925,0.000680463559654,0.110194845896651,0.344638753643605,0.287912652687691,0.0048685702885864,0.975006616109995,0.731999641010921,0.33072631939891,0.0,0.91385019745186,0.0022239300347802,0.0263852456518637,6680000000.0,5050000000.0,0.59391526090563,824000000.0,0.67156305250703,0.309554916594047,0.975006616109995,0.33072631939891,0.110933233663468,0.622374074998875,0.454410931919338,0.578468903211134,0.311567160524111,0.0477253717624306,0,0.79501587263578,0.0038775630938002,0.623520697668313,0.598781509888099,0.839972745788203,0.278513789880418,0.0247518480523254,0.575616645216918,1,0.0354902008836198
1,0.388680349046946,0.415176624509376,0.419133786605279,0.590171377506162,0.590250652214647,0.998758098416194,0.796903193354456,0.808770562067159,0.303115813175443,0.7810690609464,0.0001571499952184,0.0,0.465861452907577,0.0007160716071607,0.0,0.15557709325355,0.15557709325355,0.15557709325355,0.174435095017491,0.325387281601471,0.0181042697037071,0.0780881035746275,0.138811478496648,0.0215649425169015,0.847982831794045,0.689105149844571,0.689177543962186,0.21756642290514,608000000.0,0.0003517819250519,0.263249955319331,0.388025781453746,0.0027400850543368,0.0008546613981262,0.630183833098177,0.0142131516792967,0.180427487377936,0.819572512622064,0.0049131925890905,0.38144818747302,0.0057491225504533,0.0781018450665234,0.137825201719327,0.400419065328909,0.095952023988006,0.001527801730697,0.0041371890170226,650000000.0,9300000000.0,0.0296774193548387,0.0213004714833365,0.377569480563533,0.0328287701112501,0.686728646249993,0.080263714948153,0.214535988082286,0.0026452256427289,0.0009884249762449,0.0001008563413234,0.13900210638427,0.350563146827406,0.276678474304155,0.0048791312032084,0.733351868524405,0.725201638712989,0.335534372009755,0.0037725048904946,0.903041267113845,0.0018656086149692,0.0400936219797891,8010000000.0,2810000000.0,0.593845782013285,295000000.0,0.671567592711671,0.603193479638275,0.733351868524405,0.335534372009755,0.112917172167462,0.637469771661206,0.458499292999359,0.622190123354673,0.313268471822869,0.099521933114496,0,0.710420495100948,0.0052778749010734,0.622604643368344,0.590172326668232,0.829938957445841,0.285087100359518,0.026675365750547,0.56453833936354,1,0.0195344778286463
1,0.41612635889436,0.470235499345835,0.463782857754698,0.599115005981637,0.599115005981637,0.998972554067436,0.797240882429557,0.809175866411272,0.303257690436385,0.781428500450948,8480000000.0,50900000.0,0.460246764466588,0.0008420842084208,0.0,0.156209177868611,0.156209177868611,0.156209177868611,0.177838706627588,0.313185258541416,0.060529062117156,0.0985261786499471,0.139639978910899,0.0221487393712728,0.848455060039407,0.689099177113464,0.689099177113464,0.217575505281166,654000000.0,0.0004179859008739,0.263455097870092,0.369136768376737,0.0042920302900771,0.0019339053534243,0.62927528390022,0.0259513583016442,0.219608791607461,0.780391208392539,0.0050030143113255,0.392590413860514,0.0168957784927367,0.0985473968765776,0.138624538119297,0.407168589392342,0.214392803598201,0.0027147393302425,0.0023286097934821,0.0001284010760468,0.0003843008561285,0.0919354838709677,0.0544453094017596,0.394100088193392,0.0179945138695616,0.703730256210006,0.316573275042899,0.469679801466946,0.0082664170023762,0.0028266698933731,0.0002211740076755,0.198285095189837,0.337687537935178,0.276486186212684,0.0041391278877857,0.86521574848973,0.724531115070391,0.34619823102173,0.0015541133461602,0.908947697741883,0.0020835037574352,0.0530895531056673,788000000.0,5430000000.0,0.593891386167004,423000000.0,0.671566921816088,0.282042669898768,0.86521574848973,0.34619823102173,0.113571113350474,0.629328600872714,0.457681019495935,0.543739915343004,0.309716168415727,0.0658158530780964,0,0.750430839246873,0.0030106087444667,0.623182971273566,0.599110128995664,0.831976032408709,0.293599485101659,0.0264718727329476,0.562976864746142,1,0.0153485951260125
1,0.462194705796324,0.536033580462276,0.514427967235933,0.599987027774975,0.599987027774975,0.998908887545973,0.797290546656498,0.809222607259179,0.303477394746771,0.781367728367594,0.0001624692739381,0.0,0.458983585382015,0.0009430943094309,0.0,0.14550587838692,0.14550587838692,0.14550587838692,0.202514890800794,0.312690103982457,0.0135819834535747,0.0919306245419754,0.165549446411087,0.0229509978063606,0.848122634506114,0.688191177716392,0.6879893744248,0.217611038376702,6430000000.0,0.0004178112201989,0.263748824704136,0.370291717894266,0.0021235503165356,0.0013886688118459,0.648523650360954,0.030692419226876,0.228890165371708,0.771109834628292,0.00487973886406,0.396528161437585,0.0053658477137564,0.0919113456120638,0.164565266571148,0.40318023426395,0.0644677661169415,0.0013451959461515,0.0046982072180926,0.0001161724021376,4840000000.0,0.0374193548387097,0.012308505794398,0.389814793876213,0.031878626966503,0.673325140693406,0.105993835359631,0.172224524669076,0.0110609135539858,0.0013055639585237,0.0004156641765213,0.141036557645787,0.336370895458632,0.276849112615976,0.002469445918952,0.586269036860146,0.718087877347825,0.342348547915856,0.027677718850612,0.868460717296699,0.0021623785052417,0.0224017065989479,0.0001014549478509,6420000000.0,0.593788635819852,1870000000.0,0.671576937499325,0.669737403553366,0.586269036860146,0.342348547915856,0.130978632532992,0.646486979649545,0.459674631197096,0.533221122473752,0.316005968085055,0.124882710179452,0,0.787081562191271,0.0016307202591842,0.62187648014822,0.599983643746719,0.838258501827446,0.297038120702888,0.0248858579240944,0.576472530618164,1,0.0145615712801164
1,0.453029785989373,0.516572176188399,0.505594517907811,0.596945761685813,0.596952968477493,0.998939969749736,0.797084142682696,0.809039549787987,0.303051762963944,0.781277061471874,8270000000.0,0.0,0.462243023577665,0.0007260726072607,0.0,0.156799123509334,0.156799123509334,0.156799123509334,0.200151271627115,0.318914904152225,0.0111922803514981,0.094129142577966,0.158017624463358,0.022460201993838,0.848115940821903,0.689409470593273,0.689409470593273,0.217595797107763,5960000000.0,0.0004010668297818,0.264013800498869,0.377938601393391,0.0031981179465898,0.0015596010914712,0.625067807290311,0.0222343811269481,0.210357650331046,0.789642349668954,0.0051885809839182,0.392383517154533,0.0077690845276396,0.0941016496490628,0.157016816228037,0.398625176341029,0.0419790104947526,0.0014872226674647,0.0042516128205894,7150000000.0,552000000.0,0.0232258064516129,0.0255717286253543,0.390176612921463,0.0594235295613745,0.715123509277525,0.0872350674847282,0.157963759995475,0.0055594379197812,0.0017585562992577,0.0003274985539086,0.0897984427763058,0.34170194843705,0.276685937969698,0.0040742551540788,0.401236466197162,0.726919902678065,0.334301302406241,0.0727176486067898,0.920882488497633,0.0020285160829492,0.0159791601066171,0.0001451914057429,8250000000.0,0.593828362250015,1400000000.0,0.671571633569343,0.402247745883712,0.401236466197162,0.334301302406241,0.149144335077586,0.642588261099433,0.459232761079238,0.571700375156239,0.314457556771541,0.0864583230327093,0,0.777094466430958,0.0401606046098823,0.6173492822396,0.596946466317581,0.837052996383121,0.290903713986462,0.0260500616073851,0.553328485915044,1,0.016198908768845
1,0.472090869204894,0.53881378107283,0.517051234006103,0.597392582770003,0.597392582770003,0.998960421608718,0.797365942209931,0.809290309880104,0.303501322938991,0.781515798917106,693000000.0,136000000.0,0.461377418786644,0.0005580558055805,0.0,0.148202772744511,0.148202772744511,0.148202772744511,0.206013047177839,0.317535545023697,0.0388553624635117,0.0951876882989984,0.16795962943436,0.0220818607970836,0.8481537383744,0.689628528441395,0.689628528441395,0.217608536326456,5470000000.0,0.000401291419221,0.264187083789853,0.37617823479006,0.0028910986237172,0.0022009090602842,0.638738852892426,0.0347841946397469,0.23529945279197,0.76470054720803,0.0050216182531755,0.40512499916123,0.0121264746027103,0.0951683032878988,0.167310157605007,0.410988139433003,0.137931034482759,0.0010002739086768,0.0063257577374827,0.0002099892597849,0.0002783911713686,0.0779032258064516,0.0597975999882496,0.391917867076728,0.0262324554884602,0.662359962531727,0.255993313655913,0.330387640935299,0.0203268528471915,0.0022238963236395,0.0005341607660894,0.201894137779344,0.340628505010033,0.276842240836512,0.002080107363293,0.822406324182718,0.714505499921403,0.351680524690527,0.0066015292408757,0.912825940285011,0.0021964407068399,0.0201951921597034,8080000000.0,6540000000.0,0.593851632769772,1500000000.0,0.671572437743741,0.25943793314364,0.822406324182718,0.351680524690527,0.120854331627658,0.643175576940625,0.459301391508417,0.564445274614675,0.314676264328323,0.094806220340148,0,0.791982244970901,0.0072331919331324,0.622323239355186,0.597393770990777,0.839162225658445,0.300005450754857,0.0227618017460547,0.571988549713058,1,0.0140542158838411
1,0.066933164334812,0.0571849105974705,0.0548209218908935,0.6018607936119,0.6018607936119,0.998824769165529,0.796779240297803,0.808716660365115,0.302759790679075,0.780926604446158,0.0002766024934234,115000000.0,0.458263925584828,0.0003990399039903,0.0,0.120011798912814,0.120011798912814,0.120011798912814,0.0842393873499102,0.308481290231308,0.0458429753316091,0.0661998208614934,0.0674851246516532,0.0221659489098579,0.847568729196641,0.686084650277262,0.686084650277262,0.216970994677233,7230000000.0,0.000154243036018,0.256151556829926,0.327158079058157,0.0043288476479012,0.0033088496756653,0.63052252708867,0.126572374360518,0.321371345648033,0.678628654351967,0.0049020969645791,0.26203523730493,0.0006331042215072,0.066995619391926,0.0724530578387754,0.351418699584552,0.292353823088456,0.0013107037424041,0.0048271474743507,0.0005042417257257,0.0006990039194148,0.161612903225806,0.0480531116431415,0.370208724361729,0.0095256587656623,0.692375034126226,0.566755117305042,0.604127339130665,0.210915212093144,0.0040040911461224,0.0044373595777798,0.252297962603889,0.333538683092076,0.276830357193444,0.0011963162857492,0.754574342123096,0.762552184965444,0.241052683507238,0.0117061524797009,0.841966378156722,0.0020032728592486,0.203706253423267,7630000000.0,7650000000.0,0.593892687358016,8190000000.0,0.671590967483805,0.222814961750776,0.754574342123096,0.241052683507238,0.0258510850561139,0.705153030589043,0.464287286339431,0.491812870809352,0.240449989546666,0.06528574912897,1,0.525650952071236,0.0058030372394381,0.623648477412553,0.601857114845964,1.0,0.182790358888349,0.0267631375236152,0.565021155623063,1,0.0091781695678396
1,0.406668941646761,0.467291757522896,0.453450398843621,0.595994465183989,0.595994465183989,0.998830777621275,0.797190526500292,0.809128474576624,0.303466034897939,0.781353131839491,0.0001765769261946,0.0,0.459605948516645,0.0005820582058205,0.0,0.151531751717163,0.151531751717163,0.151531751717163,0.175002363619174,0.311593690316192,0.0418954278022294,0.0698640175881443,0.141372297958876,0.0221008876882281,0.847974855839923,0.689456444536469,0.689456444536469,0.217598757092935,4670000000.0,0.0003506340234733,0.264125696435648,0.365942028985507,0.0033279147334953,0.0019482536834658,0.629853358173176,0.0268094730026719,0.221452973365178,0.778547026634822,0.0049097721334141,0.391787430969194,0.0053658477137564,0.0698454573582816,0.140351406379609,0.409057598707435,0.148425787106447,0.0011970823653536,0.0052814270526904,0.0001476994520598,0.0002284623199819,0.0638709677419355,0.0535728449098894,0.368761448180729,0.0295160110655511,0.676279736223666,0.22743932692199,0.370091194017219,0.0499277199767246,0.0020014662421198,0.0013345430753119,0.198480137642744,0.336048547633775,0.276693294887074,0.0037822859379357,0.85879676992913,0.71990960290141,0.346707013494987,0.0,0.915031112372524,0.0021075675049579,0.0688995098464597,7820000000.0,4860000000.0,0.593868432865224,3210000000.0,0.671563686421168,0.374422367534238,0.85879676992913,0.346707013494987,0.110933233663468,0.625578880774026,0.457258491515623,0.531929132679189,0.308228077995286,0.0833577878116932,0,0.746585996946147,0.0010530392973282,0.623323071845287,0.595993935982145,0.831081516146261,0.29422214206968,0.0265903290435414,0.56397612729787,1,0.0151855464385118
1,0.43274996343782,0.492749672917575,0.482092189089352,0.604015624324363,0.604015624324363,0.998895484067771,0.797289993294638,0.80922195627244,0.303504465024838,0.781476219869748,0.0002405239073247,0.0,0.454234501732048,0.0005870587058705,0.0,0.15861109940584,0.15861109940584,0.15861109940584,0.19835492105512,0.299780717266747,0.0408820726893235,0.0828108460223109,0.156661896512766,0.0221758732351393,0.8480783550204,0.689480162338254,0.689480162338254,0.217603094201253,6840000000.0,0.0003994697493247,0.264182421459154,0.337384970753698,0.0065628500379094,0.0045559067084057,0.629581444089807,0.0151797846050028,0.185083290503976,0.814916709496024,0.0061972817054759,0.381058997993661,0.0056114117188261,0.0828000065139153,0.155697157077144,0.408595394300551,0.19640179910045,0.0010205634402929,0.0062027948440975,0.0002059767261585,0.0012285523432139,0.0585483870967742,0.035353906261475,0.384263132900658,0.0034299750332962,0.765877741164371,0.512938909798184,0.609889680881994,0.0042048319372207,0.0053829057872446,0.0001299008604329,0.171664967293238,0.321583445452493,0.278029061228855,0.0034030232774977,0.886254520876359,0.733601930004281,0.33820532213787,0.0006552277078535,0.920323043583815,0.0021522433535166,0.0585402234710428,0.0001194348902897,0.0001041174798327,0.593922931784156,238000000.0,0.671572109908618,0.0748054542115846,0.886254520876359,0.33820532213787,0.111932118802781,0.642501061477043,0.459215132882915,0.451014773938394,0.314460306504154,0.0439461340828879,0,0.7693180305172,0.0007143630034005,0.623704711486402,0.604012274291398,0.836765895748373,0.285787623815183,0.0265315499480261,0.563517404517673,1,0.0189477086579934
1,0.50436308682299,0.562254688181422,0.555329514427967,0.604858818950979,0.604858818950979,0.999059792222978,0.797438017592204,0.80934720612115,0.303419145309144,0.781607728973912,8960000000.0,2750000000.0,0.46385848368184,0.0009840984098409,0.262273509464521,0.184695124520669,0.184695124520669,0.184695124520669,0.225111090101163,0.32690811346113,0.0554622865526264,0.120837065385555,0.181516908940273,0.0221360495094878,0.848072049546345,0.689434775352599,0.689434775352599,0.217597011630827,6820000000.0,0.000473833808107,0.264026233380734,0.385417830930293,0.0058920252978929,0.0031716047796158,0.632880029040698,0.0167218376968603,0.19176467031472,0.80823532968528,0.0050589095626235,0.381969343499977,0.0053658477137564,0.120833129773479,0.180544453661112,0.408220271883369,0.140929535232384,0.0010814320351414,0.0058526921615425,7030000000.0,0.0001800464640917,0.0532258064516129,0.0121469382959035,0.395943103955134,0.0086697608939619,0.749584604962227,0.246189825333017,0.440292732452435,0.0089675658456349,0.0031994991377627,0.0003447470362965,0.137855300922782,0.345766769580023,0.24475281207774,0.0073069774617442,0.684187545087502,0.731809822283289,0.336450891406476,0.0085805430701722,0.934494715353983,0.0022911231492435,0.0253923133901088,0.0001212623296763,6780000000.0,0.593913825521911,709000000.0,0.671569451611287,0.393632716206475,0.684187545087502,0.336450891406476,0.121016944593323,0.63827510066209,0.458651841477005,0.596148490434187,0.3133416664268,0.0487365667821687,0,0.805041237350195,0.0019317660589571,0.623059509666998,0.604856382122632,0.841229457874463,0.286906259510328,0.0278213645367029,0.567645766501759,1,0.0181501521283479
1,0.470677131575099,0.536905800261666,0.523850313185931,0.5976520272705,0.5976520272705,0.999009644726945,0.797386139917823,0.80931322461334,0.303433405544911,0.781567167467932,2420000000.0,407000000.0,0.461558591882439,0.0007440744074407,0.0,0.177110109139944,0.177110109139944,0.177110109139944,0.214616620970029,0.317818490485959,0.0187546319403482,0.099503297777054,0.170369812457634,0.0241867343345513,0.848348690456561,0.689794812737856,0.689794812737856,0.217630225186414,6610000000.0,0.0004330084389232,0.264057315585394,0.376401773406356,0.0035681635938733,0.0021372773357521,0.641335735126916,0.0178982117290874,0.196390240952928,0.803609759047072,0.0050026249911673,0.386262729739221,0.0057052500731208,0.0994756298141906,0.169361284970968,0.396919709065771,0.0509745127436282,0.0017733050632526,0.0035659239081706,0.0001998623892039,4090000000.0,0.0246774193548387,0.0492457735411189,0.399990954523869,0.160963939647438,0.729383528222282,0.0860490596299676,0.118740501852787,0.012239141026997,0.0025895768447111,0.001045663179344,0.0617681426525307,0.340799815815022,0.27673844502132,0.0028836326653541,0.291601165744534,0.729344308338054,0.331001321353508,0.0850965959236257,0.931547845186633,0.0022438975520596,0.0066089176202808,8820000000.0,6730000000.0,0.593871049666394,2610000000.0,0.671579106627828,0.669046743002893,0.291601165744534,0.331001321353508,0.140326755511386,0.64706143499076,0.459814542345389,0.565538837646302,0.315702830414686,0.078173592922719,0,0.796483203270087,0.0612896737937735,0.626620676080433,0.597653860914159,0.840113833800251,0.287759580832441,0.035700330490382,0.569662936541112,1,0.017633491707507
1,0.470140886267245,0.520388137810728,0.522030087263772,0.597306101269837,0.597399789561683,0.998903687920809,0.797310606023925,0.809237189362148,0.303523317539921,0.781488009373217,0.0001261594148515,3920000000.0,0.462066883067864,0.0006190619061906,0.0,0.162487885044878,0.162487885044878,0.162487885044878,0.207809397749835,0.318419749593266,0.0195864906151217,0.0899763862877616,0.165022218874746,0.022006243127543,0.846241885701895,0.689390657932976,0.689390657932976,0.217594134604881,5820000000.0,0.0004250729454021,0.26381487438904,0.377081703364256,0.0049846958355824,0.0023568691694313,0.62693935699511,0.0110378537101378,0.162046134776431,0.837953865223569,0.0050949494858485,0.377511558256521,0.0053658477137564,0.0903642907160421,0.164406907473041,0.400696387973039,0.095952023988006,0.0010753451756566,0.0058817250669251,9310000000.0,0.000111961666746,0.0316129032258064,0.0120206218879897,0.389656498043916,0.0129052188608968,0.737201424416447,0.136982077450909,0.261856199994523,0.0118391149244195,0.0025546178465299,0.0006462449563633,0.096948027985734,0.341816115669223,0.275622440833428,0.0066290862096923,0.565127899811504,0.730704651908678,0.331822601575018,0.0138187734478232,0.90974532510778,0.0021408140779063,0.021642350224296,9830000000.0,5140000000.0,0.5939004599665,1300000000.0,0.671573320202486,0.427835710834537,0.565127899811504,0.331822601575018,0.118559017626593,0.644138014029901,0.459465024533733,0.570682870874891,0.314814723138832,0.0571534386203858,0,0.784648939143662,0.0028079425161369,0.622586177473126,0.597307971428239,0.838886549562351,0.282784084418721,0.0261250577580108,0.55656683857273,1,0.0221785742462048
1,0.45610100911617,0.520715220235499,0.510894587504684,0.597630406895458,0.597817783479151,0.998937658805219,0.797333017179257,0.809270910475262,0.303491413283627,0.781535588440785,9890000000.0,340000000.0,0.455702339313723,0.0002720272027202,0.0,0.173528296321268,0.173528296321268,0.173528296321268,0.209794837855725,0.295006012591073,0.0359211700470378,0.0913606383844964,0.163817127363109,0.0220583616383361,0.847841382129797,0.688656098568183,0.688656098568183,0.217520884926989,0.0001128208285983,0.0004386481292872,0.26360740067293,0.335130956372713,0.0063513062361739,0.0046089331455157,0.628886248133587,0.0162312258911717,0.189739093630015,0.810260906369985,0.005535187159131,0.382237750037465,0.005549259042605,0.0914309443548781,0.163004298318377,0.414401753429356,0.137931034482759,0.0006208596674545,0.0101785950635522,9840000000.0,0.0004206127480461,0.0419354838709677,0.0173259110203722,0.390606273037697,0.0052879891763199,0.76125229511005,0.472804178091431,0.625051470675355,0.0381916690789086,0.0046781400977604,0.0011160615081699,0.181505958984919,0.325015511777913,0.279162054052006,0.0046755801333986,0.9149626933362,0.733145847800641,0.339442081845069,0.0016665215094675,0.929417373958784,0.0021575160318611,0.0154285285439608,0.0002218213761103,0.0001708203810097,0.59392464637112,3710000000.0,0.671579748874682,0.136910722671915,0.9149626933362,0.339442081845069,0.113648349583528,0.652841998847565,0.460614429241321,0.469170924935357,0.317125350663075,0.0453537157214047,0,0.789399544942989,0.0014798973299666,0.623398670224034,0.597630934205826,0.839200698155598,0.286550666012996,0.0264780915928774,0.563037242505035,1,0.0183873820609057
1,0.454346024472286,0.513791975577846,0.506022806360084,0.597522305020251,0.597522305020251,0.998899412673451,0.797237423917932,0.809063636297354,0.303404643374465,0.781424289913995,0.0001325194220164,815000000.0,0.46202662237991,0.0006950695069506,0.0,0.177657915806329,0.177657915806329,0.177657915806329,0.203743972771107,0.319339322345618,0.0170757898876235,0.0903020926634639,0.161180989681404,0.0220448342140672,0.847986878590826,0.689240647164747,0.68944995243744,0.217610689947954,6300000000.0,0.00040780451296,0.264037889207481,0.378171454118699,0.007389680531418,0.0020599211216152,0.627352365036095,0.01145733592318,0.16479729116909,0.83520270883091,0.00549074904392,0.380277263953226,0.0060239348737447,0.090307293956715,0.160168916371314,0.407139115488135,0.0599700149925038,0.0014121514004849,0.0044753369738319,1910000000.0,0.0001717249888605,0.0224193548387097,0.0108015216720767,0.3897243391149,0.0077986329861371,0.780693384158333,0.186401584688317,0.577342270401891,0.0695684812476926,0.0022789362695946,0.002542049314104,0.14506161987903,0.342268016615179,0.278784497867172,0.0135469515794691,0.838217115386125,0.734721051424428,0.334792844433938,0.001682634198481,0.923377542720334,0.0020222826944506,0.0196933678857133,0.000391426832168,0.0001254833803039,0.593967270138214,0.0001255588642143,0.671565527603366,0.174530715442068,0.838217115386125,0.334792844433938,0.112992878430033,0.638076295197146,0.458521747411474,0.573188420561569,0.313548141058326,0.0391912796452419,0,0.771996374582044,0.0060001426606155,0.621979198962302,0.597521906186189,0.837543863416369,0.283088059281574,0.0264629405751123,0.562888340608669,1,0.0217465932097427
1,0.468142153756155,0.549443959877889,0.517640130627978,0.602055376987273,0.602249960362646,0.998984455431702,0.797405784263855,0.80937428716952,0.303520900550808,0.781360710806006,0.00012315286601,543000000.0,0.461377418786644,0.0007760776077607,0.0,0.171969154270785,0.171969154270785,0.171969154270785,0.205729412876997,0.317535545023697,0.0096041865178395,0.0962462340200309,0.170821721774497,0.0223073863481835,0.848222063361921,0.689822714336794,0.689822714336794,0.217601786763856,5980000000.0,0.0004514247729438,0.264367360576886,0.376196863008085,0.0074757957073456,0.000906440154363,0.63420946288407,0.0131899798466154,0.175076337031774,0.824923662968226,0.0052639422431309,0.382349586094752,0.0073608267524617,0.0962430993209243,0.169836362265289,0.407490122892783,0.0344827586206897,0.0019538818946364,0.0032363150411797,97400000.0,5900000000.0,0.0182258064516129,0.0243496908185597,0.393873951290111,0.05364973741759,0.775060562540273,0.0565672382081148,0.446867973373307,0.0073693598374726,0.0008849335753963,0.0003505686096952,0.111313696257685,0.340631535985127,0.279164810819004,0.0173672097653683,0.602444245203219,0.734388959281595,0.333346219047082,0.0131410053705434,0.932464314332835,0.002271198333927,0.0160184928116696,0.0005275078794389,6690000000.0,0.593988289737087,2290000000.0,0.67156840010389,0.309954849965965,0.602444245203219,0.333346219047082,0.124472744622643,0.641303149260012,0.45903667458571,0.564481344797814,0.314196580139932,0.0387532463325531,0,0.799813909182659,0.0749605093346078,0.679654212057914,0.602055075152547,0.840477245288911,0.284344910177856,0.0342765102146976,0.569573877389153,1,0.0202489587135939
1,0.465314678496563,0.526548190143916,0.511215803843889,0.604750717075772,0.604750717075772,0.999004214007328,0.797106000476168,0.809045538865992,0.30295556679724,0.781288570272879,0.0001436205254314,0.0,0.461286832238746,0.0008410841084108,0.0,0.173401879398255,0.173401879398255,0.173401879398255,0.20100217452964,0.317111126830303,0.0109200356942995,0.097386206334989,0.159147397755517,0.0220488639958295,0.84797516170247,0.688824864289162,0.688824864289162,0.217569007914612,6150000000.0,0.0004184600341346,0.263509491728248,0.375479676614135,0.0064967035984287,0.0009931539750488,0.610214928562622,0.0192624408393292,0.201227439005956,0.798772560994044,0.0050669740516167,0.389358351804922,0.0055675392414936,0.0973993192958457,0.158155493552522,0.417461680575223,0.0299850074962519,0.0010388240187475,0.0060875171315489,592000000.0,5980000000.0,0.0185483870967742,0.0300691802652645,0.396304923000384,0.0660135109018157,0.76519320249105,0.10739823864099,0.646077737838573,0.0117083941165259,0.0009799932031361,0.0003383607145669,0.183544106770754,0.340393341673132,0.282032434235948,0.0145943825123188,0.872742203547969,0.733796844830272,0.341187665329762,0.0003996024094894,0.926596561419218,0.0020879314960265,0.0156381002439503,0.0008840446096517,0.0001487366560704,0.593965396742799,4180000000.0,0.671551681818464,0.268204795060692,0.872742203547969,0.341187665329762,0.111685917100773,0.635461209163305,0.458321347746337,0.562935779232668,0.312409112273608,0.0443787275095875,0,0.782937996479187,0.0079286905123926,0.62040261746728,0.604752254079188,0.838173555726426,0.288748466194069,0.0256356995316511,0.624147416362419,1,0.0171131609998011
